order_item_id,order_id,product_id,quantity,unit_price,return_reason
OI00001,ORD00001,PROD0110,2,12544.43,
OI00002,ORD00001,PROD0005,1,12188.84,
OI00003,ORD00001,PROD0052,3,21720.68,
OI00004,ORD00001,PROD0024,1,18790.37,
OI00005,ORD00002,PROD0014,1,6596.00,Late delivery
OI00006,ORD00003,PROD0108,1,8780.13,Defective product
OI00007,ORD00003,PROD0064,2,569.74,Changed mind
OI00008,ORD00003,PROD0082,1,16929.00,
OI00009,ORD00003,PROD0013,1,4830.75,Quality issue
OI00010,ORD00004,PROD0025,1,3210.58,
OI00011,ORD00005,PROD0034,1,17449.82,Item damaged in transit
OI00012,ORD00005,PROD0085,1,19896.21,
OI00013,ORD00006,PROD0054,1,18914.43,
OI00014,ORD00006,PROD0150,1,19322.35,
OI00015,ORD00007,PROD0049,1,17403.65,
OI00016,ORD00008,PROD0140,1,19434.01,Late delivery
OI00017,ORD00009,PROD0052,1,21720.68,
OI00018,ORD00009,PROD0137,2,17277.86,
OI00019,ORD00009,PROD0040,2,11259.64,
OI00020,ORD00009,PROD0012,1,14905.25,
OI00021,ORD00010,PROD0031,3,1394.49,Wrong item delivered
OI00022,ORD00011,PROD0129,2,3894.00,
OI00023,ORD00012,PROD0034,1,17449.82,
OI00024,ORD00013,PROD0049,2,17403.65,
OI00025,ORD00014,PROD0132,1,24555.00,
OI00026,ORD00014,PROD0020,1,19065.65,
OI00027,ORD00015,PROD0070,1,3336.15,Defective product
OI00028,ORD00016,PROD0003,2,1374.00,
OI00029,ORD00017,PROD0135,1,9379.26,
OI00030,ORD00017,PROD0067,2,21887.96,
OI00031,ORD00018,PROD0012,1,14905.25,
OI00032,ORD00019,PROD0072,1,3487.50,
OI00033,ORD00019,PROD0035,1,19512.23,
OI00034,ORD00020,PROD0137,1,17277.86,
OI00035,ORD00020,PROD0030,3,12428.49,
OI00036,ORD00020,PROD0001,3,18995.68,
OI00037,ORD00021,PROD0035,1,19512.23,
OI00038,ORD00022,PROD0015,1,19654.69,Defective product
OI00039,ORD00023,PROD0072,1,3487.50,
OI00040,ORD00024,PROD0150,1,19322.35,Not as described
OI00041,ORD00025,PROD0142,1,5171.00,
OI00042,ORD00026,PROD0053,1,10501.67,Not as described
OI00043,ORD00027,PROD0112,1,4538.00,Quality issue
OI00044,ORD00028,PROD0048,2,17840.08,Size issue
OI00045,ORD00029,PROD0047,1,10037.07,
OI00046,ORD00030,PROD0046,2,4465.21,
OI00047,ORD00031,PROD0037,1,13049.63,
OI00048,ORD00032,PROD0104,1,8935.42,
OI00049,ORD00032,PROD0026,1,17290.00,
OI00050,ORD00032,PROD0135,1,9379.26,
OI00051,ORD00033,PROD0012,1,14905.25,
OI00052,ORD00034,PROD0004,2,3489.00,Defective product
OI00053,ORD00035,PROD0087,2,11975.35,Wrong item delivered
OI00054,ORD00036,PROD0145,2,2665.44,
OI00055,ORD00037,PROD0123,1,12119.04,
OI00056,ORD00038,PROD0140,1,19434.01,
OI00057,ORD00038,PROD0032,1,21322.17,
OI00058,ORD00039,PROD0107,3,24612.21,
OI00059,ORD00039,PROD0037,1,13049.63,
OI00060,ORD00039,PROD0001,1,18995.68,
OI00061,ORD00040,PROD0099,1,8784.76,
OI00062,ORD00040,PROD0029,1,1129.00,
OI00063,ORD00040,PROD0126,1,6685.00,
OI00064,ORD00041,PROD0022,2,16967.19,
OI00065,ORD00042,PROD0086,1,9548.55,
OI00066,ORD00043,PROD0078,1,22056.57,
OI00067,ORD00044,PROD0070,3,3336.15,Wrong item delivered
OI00068,ORD00044,PROD0128,2,631.98,Size issue
OI00069,ORD00044,PROD0095,1,1742.40,Size issue
OI00070,ORD00045,PROD0123,1,12119.04,
OI00071,ORD00045,PROD0018,2,12586.00,
OI00072,ORD00046,PROD0033,1,10109.00,Not as described
OI00073,ORD00047,PROD0124,1,7276.04,Not as described
OI00074,ORD00048,PROD0036,1,1292.41,
OI00075,ORD00048,PROD0063,1,1498.56,
OI00076,ORD00049,PROD0022,1,16967.19,
OI00077,ORD00050,PROD0057,,8048.80,
OI00078,ORD00050,PROD0023,,7560.33,
OI00079,ORD00051,PROD0035,1,19512.23,Item damaged in transit
OI00080,ORD00051,PROD0029,2,1129.00,Size issue
OI00081,ORD00052,PROD0142,3,5171.00,
OI00082,ORD00053,PROD0058,1,16633.86,
OI00083,ORD00054,PROD0037,1,13049.63,
OI00084,ORD00054,PROD0097,1,15047.95,
OI00085,ORD00054,PROD0007,2,10014.02,
OI00086,ORD00054,PROD0109,1,2653.58,
OI00087,ORD00055,PROD0020,1,19065.65,
OI00088,ORD00056,PROD0047,1,10037.07,
OI00089,ORD00057,PROD0077,1,19072.59,Item damaged in transit
OI00090,ORD00058,PROD0004,1,3489.00,
OI00091,ORD00058,PROD0074,1,14609.00,
OI00092,ORD00059,PROD0042,1,17958.95,Not as described
OI00093,ORD00060,PROD0142,1,5171.00,Changed mind
OI00094,ORD00060,PROD0067,1,21887.96,Wrong item delivered
OI00095,ORD00060,PROD0147,3,16489.00,Size issue
OI00096,ORD00061,PROD0015,1,19654.69,
OI00097,ORD00062,PROD0144,2,20577.36,
OI00098,ORD00062,PROD0020,1,19065.65,
OI00099,ORD00063,PROD0043,1,9441.18,
OI00100,ORD00063,PROD0014,1,6596.00,
OI00101,ORD00063,PROD0096,1,23651.04,
OI00102,ORD00064,PROD0073,1,21489.03,Wrong item delivered
OI00103,ORD00065,PROD0080,1,1103.41,
OI00104,ORD00065,PROD0049,1,17403.65,
OI00105,ORD00066,PROD0145,1,2665.44,
OI00106,ORD00066,PROD0012,1,14905.25,
OI00107,ORD00066,PROD0124,1,7276.04,
OI00108,ORD00066,PROD0013,1,4830.75,
OI00109,ORD00067,PROD0034,1,17449.82,
OI00110,ORD00067,PROD0025,1,3210.58,
OI00111,ORD00068,PROD0007,1,10014.02,
OI00112,ORD00068,PROD0098,1,16791.00,
OI00113,ORD00069,PROD0021,3,24138.00,Changed mind
OI00114,ORD00069,PROD0024,2,18790.37,Size issue
OI00115,ORD00070,PROD0129,1,3894.00,
OI00116,ORD00071,PROD0088,2,17012.00,
OI00117,ORD00071,PROD0115,1,24487.42,
OI00118,ORD00072,PROD0100,1,14031.97,
OI00119,ORD00073,PROD0040,1,11259.64,
OI00120,ORD00073,PROD0146,2,18690.79,
OI00121,ORD00074,PROD0141,1,15384.03,
OI00122,ORD00074,PROD0023,3,7560.33,
OI00123,ORD00074,PROD0128,1,631.98,
OI00124,ORD00075,PROD0046,2,4465.21,Quality issue
OI00125,ORD00076,PROD0066,2,5613.00,
OI00126,ORD00077,PROD0032,1,21322.17,Late delivery
OI00127,ORD00077,PROD0146,2,18690.79,Size issue
OI00128,ORD00077,PROD0125,1,19949.67,
OI00129,ORD00077,PROD0011,1,6412.00,Not as described
OI00130,ORD00078,PROD0011,1,6412.00,
OI00131,ORD00079,PROD0063,1,1498.56,
OI00132,ORD00079,PROD0144,1,20577.36,
OI00133,ORD00080,PROD0019,1,3709.12,
OI00134,ORD00081,PROD0090,1,4847.17,
OI00135,ORD00081,PROD0120,2,15509.84,
OI00136,ORD00082,PROD0028,3,19651.00,
OI00137,ORD00083,PROD0052,1,21720.68,
OI00138,ORD00083,PROD0103,3,391.62,
OI00139,ORD00084,PROD0122,1,3507.61,
OI00140,ORD00084,PROD0030,1,12428.49,
OI00141,ORD00085,PROD0082,1,16929.00,
OI00142,ORD00085,PROD0146,1,18690.79,
OI00143,ORD00086,PROD0111,3,5829.88,
OI00144,ORD00087,PROD0006,3,4467.37,
OI00145,ORD00088,PROD0046,1,4465.21,Wrong item delivered
OI00146,ORD00089,PROD0116,2,15848.05,
OI00147,ORD00090,PROD0067,2,21887.96,Wrong item delivered
OI00148,ORD00090,PROD0048,1,17840.08,Late delivery
OI00149,ORD00091,PROD0108,1,8780.13,
OI00150,ORD00092,PROD0112,3,4538.00,
OI00151,ORD00092,PROD0091,2,3996.25,
OI00152,ORD00093,PROD0051,1,17132.25,
OI00153,ORD00093,PROD0020,3,19065.65,
OI00154,ORD00093,PROD0149,2,1011.37,
OI00155,ORD00094,PROD0039,2,1401.22,Size issue
OI00156,ORD00095,PROD0105,1,5845.81,Defective product
OI00157,ORD00096,PROD0033,1,10109.00,Changed mind
OI00158,ORD00096,PROD0116,1,15848.05,Size issue
OI00159,ORD00096,PROD0149,1,1011.37,Changed mind
OI00160,ORD00096,PROD0025,3,3210.58,
OI00161,ORD00097,PROD0094,1,17161.43,
OI00162,ORD00098,PROD0032,1,21322.17,
OI00163,ORD00099,PROD0106,1,19141.47,
OI00164,ORD00100,PROD0086,1,9548.55,
OI00165,ORD00101,PROD0046,1,4465.21,
OI00166,ORD00102,PROD0073,2,21489.03,
OI00167,ORD00103,PROD0073,2,21489.03,
OI00168,ORD00104,PROD0026,,17290.00,
OI00169,ORD00104,PROD0023,3,7560.33,
OI00170,ORD00104,PROD0027,2,16592.36,
OI00171,ORD00105,PROD0114,1,14074.70,
OI00172,ORD00106,PROD0108,1,8780.13,Quality issue
OI00173,ORD00106,PROD0055,1,9523.00,Quality issue
OI00174,ORD00107,PROD0119,1,10016.58,
OI00175,ORD00108,PROD0102,3,6556.00,Changed mind
OI00176,ORD00108,PROD0002,1,16421.00,Late delivery
OI00177,ORD00109,PROD0107,3,24612.21,
OI00178,ORD00109,PROD0062,1,5258.00,
OI00179,ORD00109,PROD0002,1,16421.00,
OI00180,ORD00110,PROD0082,3,16929.00,
OI00181,ORD00110,PROD0086,1,9548.55,
OI00182,ORD00110,PROD0044,1,4810.00,
OI00183,ORD00111,PROD0148,3,14144.15,Not as described
OI00184,ORD00111,PROD0110,1,12544.43,Item damaged in transit
OI00185,ORD00111,PROD0033,1,10109.00,Wrong item delivered
OI00186,ORD00112,PROD0031,1,1394.49,Not as described
OI00187,ORD00113,PROD0067,1,21887.96,
OI00188,ORD00113,PROD0142,1,5171.00,
OI00189,ORD00114,PROD0040,1,11259.64,
OI00190,ORD00115,PROD0021,2,24138.00,Size issue
OI00191,ORD00115,PROD0147,1,16489.00,Item damaged in transit
OI00192,ORD00115,PROD0098,1,16791.00,Changed mind
OI00193,ORD00115,PROD0007,1,10014.02,Changed mind
OI00194,ORD00116,PROD0097,1,15047.95,
OI00195,ORD00116,PROD0067,1,21887.96,
OI00196,ORD00116,PROD0014,1,6596.00,
OI00197,ORD00117,PROD0032,1,21322.17,
OI00198,ORD00118,PROD0024,2,18790.37,
OI00199,ORD00118,PROD0020,1,19065.65,
OI00200,ORD00118,PROD0127,2,10410.66,
OI00201,ORD00119,PROD0020,1,19065.65,
OI00202,ORD00120,PROD0116,1,15848.05,Size issue
OI00203,ORD00120,PROD0042,1,17958.95,Defective product
OI00204,ORD00120,PROD0047,1,10037.07,Item damaged in transit
OI00205,ORD00121,PROD0140,1,19434.01,
OI00206,ORD00121,PROD0002,3,16421.00,
OI00207,ORD00122,PROD0006,1,4467.37,
OI00208,ORD00123,PROD0094,1,17161.43,
OI00209,ORD00124,PROD0057,1,8048.80,
OI00210,ORD00125,PROD0071,1,3437.55,Wrong item delivered
OI00211,ORD00126,PROD0076,2,3638.21,
OI00212,ORD00126,PROD0120,1,15509.84,
OI00213,ORD00127,PROD0045,1,11516.09,
OI00214,ORD00128,PROD0101,1,24156.00,
OI00215,ORD00128,PROD0027,2,16592.36,Quality issue
OI00216,ORD00129,PROD0070,2,3336.15,
OI00217,ORD00130,PROD0110,1,12544.43,Item damaged in transit
OI00218,ORD00130,PROD0052,2,21720.68,Quality issue
OI00219,ORD00131,PROD0131,1,3180.74,Not as described
OI00220,ORD00132,PROD0136,1,16167.69,
OI00221,ORD00132,PROD0091,1,3996.25,
OI00222,ORD00132,PROD0102,1,6556.00,
OI00223,ORD00133,PROD0096,2,23651.04,
OI00224,ORD00133,PROD0038,,439.37,
OI00225,ORD00134,PROD0120,1,15509.84,
OI00226,ORD00135,PROD0017,1,6624.90,
OI00227,ORD00136,PROD0144,1,20577.36,
OI00228,ORD00137,PROD0020,1,19065.65,
OI00229,ORD00137,PROD0147,2,16489.00,
OI00230,ORD00137,PROD0108,1,8780.13,
OI00231,ORD00138,PROD0071,1,3437.55,
OI00232,ORD00139,PROD0084,1,18240.16,Changed mind
OI00233,ORD00140,PROD0148,3,14144.15,
OI00234,ORD00141,PROD0104,1,8935.42,
OI00235,ORD00142,PROD0087,1,11975.35,Wrong item delivered
OI00236,ORD00143,PROD0107,1,24612.21,
OI00237,ORD00143,PROD0078,1,22056.57,
OI00238,ORD00143,PROD0071,1,3437.55,
OI00239,ORD00144,PROD0117,1,8689.09,Wrong item delivered
OI00240,ORD00145,PROD0027,2,16592.36,
OI00241,ORD00145,PROD0008,3,5850.20,
OI00242,ORD00145,PROD0058,2,16633.86,
OI00243,ORD00145,PROD0013,1,4830.75,
OI00244,ORD00146,PROD0138,1,13658.97,
OI00245,ORD00146,PROD0002,1,16421.00,
OI00246,ORD00146,PROD0014,1,6596.00,
OI00247,ORD00147,PROD0098,1,16791.00,Size issue
OI00248,ORD00147,PROD0070,1,3336.15,Item damaged in transit
OI00249,ORD00148,PROD0106,1,19141.47,
OI00250,ORD00148,PROD0115,1,24487.42,
OI00251,ORD00149,PROD0072,1,3487.50,
OI00252,ORD00150,PROD0068,2,10404.46,
OI00253,ORD00151,PROD0063,1,1498.56,
OI00254,ORD00152,PROD0020,1,19065.65,
OI00255,ORD00153,PROD0056,1,23226.41,Not as described
OI00256,ORD00154,PROD0054,2,18914.43,
OI00257,ORD00155,PROD0080,2,1103.41,Size issue
OI00258,ORD00156,PROD0034,1,17449.82,
OI00259,ORD00157,PROD0132,1,24555.00,Not as described
OI00260,ORD00157,PROD0052,1,21720.68,
OI00261,ORD00157,PROD0103,1,391.62,Wrong item delivered
OI00262,ORD00157,PROD0049,1,17403.65,Quality issue
OI00263,ORD00158,PROD0136,1,16167.69,
OI00264,ORD00159,PROD0022,1,16967.19,
OI00265,ORD00159,PROD0091,1,3996.25,Quality issue
OI00266,ORD00159,PROD0111,1,5829.88,Not as described
OI00267,ORD00159,PROD0055,1,9523.00,Late delivery
OI00268,ORD00160,PROD0071,1,3437.55,
OI00269,ORD00161,PROD0013,1,4830.75,
OI00270,ORD00162,PROD0014,2,6596.00,
OI00271,ORD00163,PROD0026,1,17290.00,
OI00272,ORD00164,PROD0104,1,8935.42,Changed mind
OI00273,ORD00164,PROD0101,2,24156.00,Late delivery
OI00274,ORD00165,PROD0053,1,10501.67,
OI00275,ORD00166,PROD0001,1,18995.68,
OI00276,ORD00166,PROD0025,1,3210.58,Changed mind
OI00277,ORD00167,PROD0043,1,9441.18,
OI00278,ORD00167,PROD0048,3,17840.08,
OI00279,ORD00168,PROD0006,1,4467.37,
OI00280,ORD00169,PROD0003,1,1374.00,
OI00281,ORD00170,PROD0126,1,6685.00,
OI00282,ORD00170,PROD0064,1,569.74,
OI00283,ORD00171,PROD0059,1,8748.28,
OI00284,ORD00172,PROD0025,1,3210.58,Item damaged in transit
OI00285,ORD00173,PROD0140,1,19434.01,Late delivery
OI00286,ORD00173,PROD0066,1,5613.00,Item damaged in transit
OI00287,ORD00174,PROD0133,2,6444.82,
OI00288,ORD00175,PROD0124,1,7276.04,
OI00289,ORD00175,PROD0029,1,1129.00,
OI00290,ORD00175,PROD0070,2,3336.15,
OI00291,ORD00176,PROD0128,1,631.98,
OI00292,ORD00177,PROD0093,3,18733.00,Not as described
OI00293,ORD00177,PROD0053,3,10501.67,
OI00294,ORD00177,PROD0023,1,7560.33,
OI00295,ORD00177,PROD0050,3,21955.00,Item damaged in transit
OI00296,ORD00178,PROD0107,3,24612.21,Late delivery
OI00297,ORD00179,PROD0134,2,24761.41,
OI00298,ORD00180,PROD0117,1,8689.09,Item damaged in transit
OI00299,ORD00181,PROD0128,1,631.98,
OI00300,ORD00181,PROD0038,1,439.37,
OI00301,ORD00181,PROD0120,1,15509.84,
OI00302,ORD00181,PROD0039,1,1401.22,
OI00303,ORD00182,PROD0032,1,21322.17,
OI00304,ORD00183,PROD0001,1,18995.68,
OI00305,ORD00184,PROD0129,3,3894.00,Late delivery
OI00306,ORD00184,PROD0144,2,20577.36,Not as described
OI00307,ORD00184,PROD0040,1,11259.64,Changed mind
OI00308,ORD00185,PROD0064,3,569.74,
OI00309,ORD00185,PROD0099,1,8784.76,
OI00310,ORD00185,PROD0109,1,2653.58,
OI00311,ORD00185,PROD0103,1,391.62,
OI00312,ORD00186,PROD0052,1,21720.68,
OI00313,ORD00186,PROD0065,1,7352.44,
OI00314,ORD00187,PROD0119,1,10016.58,Not as described
OI00315,ORD00187,PROD0140,1,19434.01,Item damaged in transit
OI00316,ORD00188,PROD0092,1,19627.00,
OI00317,ORD00188,PROD0120,3,15509.84,
OI00318,ORD00189,PROD0007,2,10014.02,
OI00319,ORD00189,PROD0108,1,8780.13,
OI00320,ORD00189,PROD0023,1,7560.33,
OI00321,ORD00190,PROD0145,2,2665.44,
OI00322,ORD00191,PROD0033,1,10109.00,
OI00323,ORD00191,PROD0104,1,8935.42,Defective product
OI00324,ORD00191,PROD0002,3,16421.00,Wrong item delivered
OI00325,ORD00192,PROD0075,1,9903.58,
OI00326,ORD00193,PROD0032,2,21322.17,
OI00327,ORD00193,PROD0150,1,19322.35,
OI00328,ORD00193,PROD0131,2,3180.74,
OI00329,ORD00194,PROD0040,1,11259.64,
OI00330,ORD00195,PROD0002,1,16421.00,
OI00331,ORD00195,PROD0125,2,19949.67,
OI00332,ORD00195,PROD0052,1,21720.68,
OI00333,ORD00195,PROD0030,1,12428.49,
OI00334,ORD00196,PROD0032,1,21322.17,
OI00335,ORD00197,PROD0061,2,8109.77,
OI00336,ORD00198,PROD0113,1,10050.29,
OI00337,ORD00198,PROD0032,1,21322.17,
OI00338,ORD00199,PROD0044,2,4810.00,
OI00339,ORD00199,PROD0131,1,3180.74,
OI00340,ORD00200,PROD0127,1,10410.66,
OI00341,ORD00200,PROD0095,1,1742.40,
OI00342,ORD00201,PROD0109,1,2653.58,Late delivery
OI00343,ORD00202,PROD0003,1,1374.00,
OI00344,ORD00202,PROD0149,2,1011.37,
OI00345,ORD00203,PROD0091,3,3996.25,
OI00346,ORD00204,PROD0071,3,3437.55,
OI00347,ORD00204,PROD0003,2,1374.00,
OI00348,ORD00205,PROD0135,1,9379.26,
OI00349,ORD00206,PROD0091,1,3996.25,Size issue
OI00350,ORD00206,PROD0145,2,2665.44,Late delivery
OI00351,ORD00207,PROD0124,1,7276.04,
OI00352,ORD00208,PROD0148,2,14144.15,
OI00353,ORD00208,PROD0130,1,21112.13,
OI00354,ORD00209,PROD0090,1,4847.17,
OI00355,ORD00209,PROD0150,1,19322.35,
OI00356,ORD00209,PROD0104,1,8935.42,
OI00357,ORD00209,PROD0018,1,12586.00,
OI00358,ORD00210,PROD0061,2,8109.77,
OI00359,ORD00210,PROD0027,1,16592.36,
OI00360,ORD00210,PROD0045,1,11516.09,
OI00361,ORD00210,PROD0099,1,8784.76,
OI00362,ORD00211,PROD0008,1,5850.20,
OI00363,ORD00211,PROD0045,1,11516.09,
OI00364,ORD00212,PROD0052,1,21720.68,
OI00365,ORD00212,PROD0051,1,17132.25,
OI00366,ORD00213,PROD0136,2,16167.69,
OI00367,ORD00214,PROD0025,1,3210.58,Size issue
OI00368,ORD00214,PROD0053,1,10501.67,Not as described
OI00369,ORD00215,PROD0088,1,17012.00,
OI00370,ORD00215,PROD0048,1,17840.08,
OI00371,ORD00215,PROD0136,1,16167.69,
OI00372,ORD00216,PROD0036,1,1292.41,Not as described
OI00373,ORD00216,PROD0018,1,12586.00,Size issue
OI00374,ORD00217,PROD0031,1,1394.49,
OI00375,ORD00218,PROD0006,1,4467.37,
OI00376,ORD00219,PROD0065,2,7352.44,
OI00377,ORD00219,PROD0100,1,14031.97,
OI00378,ORD00219,PROD0092,1,19627.00,
OI00379,ORD00219,PROD0018,1,12586.00,
OI00380,ORD00220,PROD0140,1,19434.01,Late delivery
OI00381,ORD00220,PROD0029,1,1129.00,Not as described
OI00382,ORD00221,PROD0016,1,18170.89,
OI00383,ORD00222,PROD0016,1,18170.89,
OI00384,ORD00222,PROD0061,2,8109.77,Defective product
OI00385,ORD00223,PROD0107,1,24612.21,
OI00386,ORD00224,PROD0142,1,5171.00,
OI00387,ORD00225,PROD0027,1,16592.36,
OI00388,ORD00225,PROD0010,1,20051.49,
OI00389,ORD00226,PROD0059,3,8748.28,Defective product
OI00390,ORD00226,PROD0006,2,4467.37,
OI00391,ORD00227,PROD0005,1,12188.84,
OI00392,ORD00228,PROD0033,2,10109.00,
OI00393,ORD00228,PROD0111,1,5829.88,
OI00394,ORD00229,PROD0095,1,1742.40,
OI00395,ORD00229,PROD0091,1,3996.25,
OI00396,ORD00230,PROD0059,2,8748.28,
OI00397,ORD00230,PROD0106,2,19141.47,
OI00398,ORD00231,PROD0004,1,3489.00,
OI00399,ORD00231,PROD0064,1,569.74,
OI00400,ORD00231,PROD0015,1,19654.69,
OI00401,ORD00231,PROD0020,3,19065.65,
OI00402,ORD00232,PROD0032,1,21322.17,
OI00403,ORD00233,PROD0053,1,10501.67,
OI00404,ORD00233,PROD0127,1,10410.66,
OI00405,ORD00233,PROD0092,2,19627.00,
OI00406,ORD00233,PROD0057,2,8048.80,
OI00407,ORD00234,PROD0027,1,16592.36,
OI00408,ORD00235,PROD0125,1,19949.67,Size issue
OI00409,ORD00235,PROD0072,1,3487.50,Late delivery
OI00410,ORD00236,PROD0096,2,23651.04,
OI00411,ORD00237,PROD0061,1,8109.77,
OI00412,ORD00238,PROD0030,1,12428.49,
OI00413,ORD00239,PROD0099,1,8784.76,Wrong item delivered
OI00414,ORD00240,PROD0099,2,8784.76,
OI00415,ORD00240,PROD0127,1,10410.66,
OI00416,ORD00240,PROD0005,1,12188.84,
OI00417,ORD00241,PROD0079,1,14318.00,
OI00418,ORD00242,PROD0087,1,11975.35,
OI00419,ORD00242,PROD0068,1,10404.46,
OI00420,ORD00242,PROD0056,2,23226.41,
OI00421,ORD00242,PROD0008,1,5850.20,
OI00422,ORD00243,PROD0074,2,14609.00,
OI00423,ORD00244,PROD0147,2,16489.00,
OI00424,ORD00245,PROD0098,1,16791.00,
OI00425,ORD00246,PROD0004,1,3489.00,
OI00426,ORD00247,PROD0064,2,569.74,
OI00427,ORD00248,PROD0010,1,20051.49,Late delivery
OI00428,ORD00248,PROD0071,,3437.55,
OI00429,ORD00249,PROD0083,2,15794.08,Size issue
OI00430,ORD00250,PROD0003,1,1374.00,
OI00431,ORD00251,PROD0143,1,9253.90,
OI00432,ORD00252,PROD0071,1,3437.55,Late delivery
OI00433,ORD00252,PROD0142,1,5171.00,Quality issue
OI00434,ORD00252,PROD0081,1,16140.40,Size issue
OI00435,ORD00252,PROD0017,1,6624.90,Changed mind
OI00436,ORD00253,PROD0130,2,21112.13,
OI00437,ORD00254,PROD0059,3,8748.28,
OI00438,ORD00254,PROD0016,,18170.89,
OI00439,ORD00255,PROD0091,1,3996.25,
OI00440,ORD00255,PROD0139,1,7497.47,
OI00441,ORD00255,PROD0012,1,14905.25,
OI00442,ORD00256,PROD0096,2,23651.04,Not as described
OI00443,ORD00257,PROD0073,1,21489.03,
OI00444,ORD00258,PROD0086,2,9548.55,
OI00445,ORD00258,PROD0105,3,5845.81,
OI00446,ORD00259,PROD0095,1,1742.40,Size issue
OI00447,ORD00260,PROD0055,2,9523.00,
OI00448,ORD00261,PROD0131,2,3180.74,
OI00449,ORD00261,PROD0149,1,1011.37,
OI00450,ORD00262,PROD0039,2,1401.22,Wrong item delivered
OI00451,ORD00262,PROD0098,3,16791.00,Changed mind
OI00452,ORD00263,PROD0141,2,15384.03,
OI00453,ORD00263,PROD0108,1,8780.13,
OI00454,ORD00263,PROD0138,1,13658.97,
OI00455,ORD00263,PROD0032,1,21322.17,
OI00456,ORD00264,PROD0063,1,1498.56,
OI00457,ORD00265,PROD0060,1,13574.90,
OI00458,ORD00265,PROD0117,3,8689.09,
OI00459,ORD00265,PROD0081,1,16140.40,
OI00460,ORD00265,PROD0030,1,12428.49,
OI00461,ORD00266,PROD0059,1,8748.28,
OI00462,ORD00267,PROD0033,1,10109.00,
OI00463,ORD00267,PROD0138,1,13658.97,
OI00464,ORD00268,PROD0074,1,14609.00,
OI00465,ORD00268,PROD0088,1,17012.00,
OI00466,ORD00269,PROD0051,,17132.25,
OI00467,ORD00269,PROD0047,1,10037.07,
OI00468,ORD00270,PROD0121,1,20987.17,Defective product
OI00469,ORD00270,PROD0026,1,17290.00,Size issue
OI00470,ORD00271,PROD0136,3,16167.69,
OI00471,ORD00272,PROD0103,1,391.62,
OI00472,ORD00273,PROD0087,2,11975.35,
OI00473,ORD00274,PROD0028,1,19651.00,
OI00474,ORD00274,PROD0012,3,14905.25,
OI00475,ORD00275,PROD0112,2,4538.00,
OI00476,ORD00275,PROD0075,2,9903.58,
OI00477,ORD00276,PROD0131,,3180.74,
OI00478,ORD00276,PROD0022,1,16967.19,
OI00479,ORD00277,PROD0083,1,15794.08,
OI00480,ORD00278,PROD0025,1,3210.58,
OI00481,ORD00279,PROD0133,2,6444.82,
OI00482,ORD00280,PROD0110,1,12544.43,
OI00483,ORD00280,PROD0074,3,14609.00,
OI00484,ORD00280,PROD0083,3,15794.08,
OI00485,ORD00281,PROD0111,1,5829.88,
OI00486,ORD00281,PROD0133,1,6444.82,
OI00487,ORD00282,PROD0074,1,14609.00,
OI00488,ORD00283,PROD0074,3,14609.00,Late delivery
OI00489,ORD00283,PROD0067,1,21887.96,
OI00490,ORD00283,PROD0028,1,19651.00,Defective product
OI00491,ORD00284,PROD0050,1,21955.00,
OI00492,ORD00285,PROD0053,1,10501.67,
OI00493,ORD00286,PROD0114,1,14074.70,
OI00494,ORD00287,PROD0029,2,1129.00,
OI00495,ORD00288,PROD0111,1,5829.88,
OI00496,ORD00289,PROD0072,2,3487.50,
OI00497,ORD00290,PROD0021,2,24138.00,Changed mind
OI00498,ORD00291,PROD0130,1,21112.13,
OI00499,ORD00292,PROD0019,2,3709.12,
OI00500,ORD00292,PROD0081,1,16140.40,
OI00501,ORD00293,PROD0049,2,17403.65,Defective product
OI00502,ORD00294,PROD0063,1,1498.56,
OI00503,ORD00294,PROD0036,1,1292.41,
OI00504,ORD00295,PROD0125,2,19949.67,
OI00505,ORD00296,PROD0051,1,17132.25,
OI00506,ORD00297,PROD0055,1,9523.00,Wrong item delivered
OI00507,ORD00298,PROD0046,1,4465.21,Late delivery
OI00508,ORD00298,PROD0010,1,20051.49,Changed mind
OI00509,ORD00299,PROD0047,2,10037.07,Changed mind
OI00510,ORD00300,PROD0126,1,6685.00,
OI00511,ORD00300,PROD0101,1,24156.00,
OI00512,ORD00301,PROD0074,1,14609.00,
OI00513,ORD00301,PROD0108,1,8780.13,
OI00514,ORD00301,PROD0115,1,24487.42,
OI00515,ORD00301,PROD0084,1,18240.16,
OI00516,ORD00302,PROD0126,1,6685.00,Late delivery
OI00517,ORD00302,PROD0106,2,19141.47,Not as described
OI00518,ORD00302,PROD0061,2,8109.77,Late delivery
OI00519,ORD00303,PROD0114,1,14074.70,Late delivery
OI00520,ORD00304,PROD0057,1,8048.80,
OI00521,ORD00305,PROD0105,1,5845.81,
OI00522,ORD00306,PROD0029,3,1129.00,
OI00523,ORD00307,PROD0139,1,7497.47,Defective product
OI00524,ORD00308,PROD0086,3,9548.55,
OI00525,ORD00309,PROD0013,1,4830.75,
OI00526,ORD00309,PROD0133,3,6444.82,
OI00527,ORD00310,PROD0059,1,8748.28,
OI00528,ORD00311,PROD0106,1,19141.47,
OI00529,ORD00312,PROD0010,1,20051.49,
OI00530,ORD00312,PROD0006,1,4467.37,
OI00531,ORD00312,PROD0135,1,9379.26,
OI00532,ORD00312,PROD0027,1,16592.36,
OI00533,ORD00313,PROD0097,1,15047.95,Late delivery
OI00534,ORD00313,PROD0103,1,391.62,
OI00535,ORD00314,PROD0107,1,24612.21,
OI00536,ORD00314,PROD0006,1,4467.37,
OI00537,ORD00315,PROD0080,2,1103.41,
OI00538,ORD00316,PROD0078,1,22056.57,Wrong item delivered
OI00539,ORD00316,PROD0071,1,3437.55,Quality issue
OI00540,ORD00317,PROD0057,3,8048.80,
OI00541,ORD00318,PROD0137,,17277.86,Not as described
OI00542,ORD00319,PROD0101,3,24156.00,
OI00543,ORD00320,PROD0148,3,14144.15,Not as described
OI00544,ORD00321,PROD0123,1,12119.04,
OI00545,ORD00322,PROD0022,1,16967.19,Size issue
OI00546,ORD00323,PROD0064,1,569.74,Quality issue
OI00547,ORD00323,PROD0022,2,16967.19,Changed mind
OI00548,ORD00323,PROD0037,1,13049.63,Not as described
OI00549,ORD00323,PROD0104,1,8935.42,Size issue
OI00550,ORD00324,PROD0105,1,5845.81,
OI00551,ORD00324,PROD0002,1,16421.00,
OI00552,ORD00325,PROD0061,1,8109.77,Quality issue
OI00553,ORD00326,PROD0021,1,24138.00,
OI00554,ORD00326,PROD0027,2,16592.36,
OI00555,ORD00326,PROD0109,2,2653.58,
OI00556,ORD00327,PROD0030,1,12428.49,
OI00557,ORD00328,PROD0135,1,9379.26,
OI00558,ORD00329,PROD0031,1,1394.49,
OI00559,ORD00330,PROD0070,1,3336.15,
OI00560,ORD00330,PROD0134,1,24761.41,
OI00561,ORD00330,PROD0083,2,15794.08,
OI00562,ORD00330,PROD0096,1,23651.04,
OI00563,ORD00331,PROD0054,3,18914.43,
OI00564,ORD00332,PROD0035,1,19512.23,
OI00565,ORD00332,PROD0043,1,9441.18,
OI00566,ORD00333,PROD0018,,12586.00,
OI00567,ORD00334,PROD0052,1,21720.68,
OI00568,ORD00334,PROD0025,1,3210.58,
OI00569,ORD00335,PROD0090,1,4847.17,
OI00570,ORD00336,PROD0004,3,3489.00,
OI00571,ORD00337,PROD0110,1,12544.43,
OI00572,ORD00337,PROD0150,3,19322.35,
OI00573,ORD00337,PROD0079,1,14318.00,
OI00574,ORD00338,PROD0027,1,16592.36,
OI00575,ORD00338,PROD0056,1,23226.41,
OI00576,ORD00339,PROD0099,1,8784.76,
OI00577,ORD00339,PROD0085,3,19896.21,
OI00578,ORD00340,PROD0044,1,4810.00,
OI00579,ORD00341,PROD0038,1,439.37,
OI00580,ORD00342,PROD0020,2,19065.65,
OI00581,ORD00343,PROD0113,1,10050.29,Quality issue
OI00582,ORD00344,PROD0031,1,1394.49,Not as described
OI00583,ORD00345,PROD0122,1,3507.61,
OI00584,ORD00346,PROD0055,3,9523.00,Late delivery
OI00585,ORD00347,PROD0144,1,20577.36,
OI00586,ORD00347,PROD0114,1,14074.70,
OI00587,ORD00347,PROD0126,1,6685.00,
OI00588,ORD00348,PROD0120,1,15509.84,
OI00589,ORD00348,PROD0089,3,14787.84,
OI00590,ORD00348,PROD0109,1,2653.58,
OI00591,ORD00349,PROD0003,1,1374.00,
OI00592,ORD00349,PROD0051,1,17132.25,
OI00593,ORD00350,PROD0095,3,1742.40,
OI00594,ORD00351,PROD0070,1,3336.15,Late delivery
OI00595,ORD00352,PROD0065,1,7352.44,
OI00596,ORD00353,PROD0008,3,5850.20,Quality issue
OI00597,ORD00353,PROD0121,1,20987.17,
OI00598,ORD00354,PROD0008,1,5850.20,
OI00599,ORD00355,PROD0046,1,4465.21,
OI00600,ORD00355,PROD0034,1,17449.82,
OI00601,ORD00356,PROD0081,2,16140.40,Late delivery
OI00602,ORD00356,PROD0025,1,3210.58,
OI00603,ORD00357,PROD0082,2,16929.00,
OI00604,ORD00358,PROD0094,1,17161.43,Defective product
OI00605,ORD00358,PROD0133,2,6444.82,
OI00606,ORD00358,PROD0004,1,3489.00,Size issue
OI00607,ORD00358,PROD0104,1,8935.42,Changed mind
OI00608,ORD00359,PROD0001,1,18995.68,
OI00609,ORD00360,PROD0146,2,18690.79,
OI00610,ORD00361,PROD0023,2,7560.33,
OI00611,ORD00361,PROD0030,1,12428.49,
OI00612,ORD00361,PROD0024,2,18790.37,
OI00613,ORD00361,PROD0047,1,10037.07,
OI00614,ORD00362,PROD0064,1,569.74,
OI00615,ORD00363,PROD0049,1,17403.65,
OI00616,ORD00363,PROD0034,1,17449.82,
OI00617,ORD00363,PROD0080,1,1103.41,
OI00618,ORD00363,PROD0014,1,6596.00,
OI00619,ORD00364,PROD0067,1,21887.96,
OI00620,ORD00364,PROD0113,1,10050.29,
OI00621,ORD00364,PROD0068,1,10404.46,
OI00622,ORD00364,PROD0024,2,18790.37,
OI00623,ORD00365,PROD0099,1,8784.76,
OI00624,ORD00365,PROD0040,1,11259.64,
OI00625,ORD00365,PROD0138,1,13658.97,
OI00626,ORD00366,PROD0129,1,3894.00,
OI00627,ORD00367,PROD0132,2,24555.00,
OI00628,ORD00368,PROD0009,3,16990.73,
OI00629,ORD00369,PROD0122,1,3507.61,
OI00630,ORD00369,PROD0036,1,1292.41,
OI00631,ORD00370,PROD0083,,15794.08,
OI00632,ORD00370,PROD0027,1,16592.36,
OI00633,ORD00370,PROD0092,1,19627.00,
OI00634,ORD00371,PROD0079,1,14318.00,Defective product
OI00635,ORD00371,PROD0042,1,17958.95,
OI00636,ORD00371,PROD0120,1,15509.84,Not as described
OI00637,ORD00372,PROD0096,1,23651.04,
OI00638,ORD00373,PROD0011,3,6412.00,
OI00639,ORD00374,PROD0130,1,21112.13,
OI00640,ORD00374,PROD0028,3,19651.00,
OI00641,ORD00375,PROD0132,1,24555.00,
OI00642,ORD00376,PROD0135,3,9379.26,
OI00643,ORD00376,PROD0051,1,17132.25,
OI00644,ORD00377,PROD0014,1,6596.00,
OI00645,ORD00377,PROD0024,2,18790.37,
OI00646,ORD00378,PROD0001,1,18995.68,
OI00647,ORD00379,PROD0079,1,14318.00,Changed mind
OI00648,ORD00380,PROD0063,1,1498.56,
OI00649,ORD00381,PROD0123,1,12119.04,Wrong item delivered
OI00650,ORD00382,PROD0055,1,9523.00,Quality issue
OI00651,ORD00382,PROD0121,2,20987.17,Wrong item delivered
OI00652,ORD00383,PROD0035,1,19512.23,
OI00653,ORD00384,PROD0109,1,2653.58,
OI00654,ORD00385,PROD0007,1,10014.02,
OI00655,ORD00386,PROD0095,1,1742.40,Defective product
OI00656,ORD00386,PROD0093,2,18733.00,Wrong item delivered
OI00657,ORD00387,PROD0049,1,17403.65,
OI00658,ORD00388,PROD0099,1,8784.76,
OI00659,ORD00389,PROD0100,1,14031.97,
OI00660,ORD00390,PROD0108,1,8780.13,
OI00661,ORD00391,PROD0028,1,19651.00,
OI00662,ORD00392,PROD0026,,17290.00,
OI00663,ORD00392,PROD0104,1,8935.42,
OI00664,ORD00393,PROD0117,1,8689.09,Not as described
OI00665,ORD00394,PROD0109,1,2653.58,
OI00666,ORD00395,PROD0116,1,15848.05,
OI00667,ORD00395,PROD0129,1,3894.00,
OI00668,ORD00396,PROD0046,3,4465.21,
OI00669,ORD00397,PROD0021,1,24138.00,
OI00670,ORD00398,PROD0067,1,21887.96,Quality issue
OI00671,ORD00398,PROD0051,1,17132.25,Quality issue
OI00672,ORD00398,PROD0132,1,24555.00,
OI00673,ORD00398,PROD0117,1,8689.09,Item damaged in transit
OI00674,ORD00399,PROD0007,1,10014.02,
OI00675,ORD00399,PROD0139,1,7497.47,
OI00676,ORD00400,PROD0010,1,20051.49,
OI00677,ORD00401,PROD0102,1,6556.00,Wrong item delivered
OI00678,ORD00402,PROD0038,1,439.37,
OI00679,ORD00403,PROD0118,1,24143.00,
OI00680,ORD00404,PROD0135,1,9379.26,
OI00681,ORD00404,PROD0146,1,18690.79,
OI00682,ORD00404,PROD0118,2,24143.00,
OI00683,ORD00405,PROD0132,3,24555.00,Wrong item delivered
OI00684,ORD00406,PROD0078,1,22056.57,
OI00685,ORD00406,PROD0109,2,2653.58,
OI00686,ORD00407,PROD0021,3,24138.00,Changed mind
OI00687,ORD00407,PROD0111,3,5829.88,
OI00688,ORD00408,PROD0063,1,1498.56,
OI00689,ORD00408,PROD0013,3,4830.75,
OI00690,ORD00408,PROD0096,1,23651.04,
OI00691,ORD00409,PROD0012,1,14905.25,
OI00692,ORD00410,PROD0070,,3336.15,
OI00693,ORD00410,PROD0002,1,16421.00,
OI00694,ORD00411,PROD0082,1,16929.00,
OI00695,ORD00412,PROD0057,1,8048.80,
OI00696,ORD00412,PROD0017,1,6624.90,
OI00697,ORD00413,PROD0143,1,9253.90,
OI00698,ORD00414,PROD0114,1,14074.70,
OI00699,ORD00415,PROD0137,1,17277.86,
OI00700,ORD00416,PROD0009,1,16990.73,
OI00701,ORD00417,PROD0125,1,19949.67,
OI00702,ORD00418,PROD0136,1,16167.69,
OI00703,ORD00419,PROD0120,1,15509.84,
OI00704,ORD00420,PROD0145,1,2665.44,Defective product
OI00705,ORD00420,PROD0111,1,5829.88,Quality issue
OI00706,ORD00421,PROD0138,1,13658.97,
OI00707,ORD00422,PROD0102,1,6556.00,
OI00708,ORD00423,PROD0046,2,4465.21,
OI00709,ORD00423,PROD0041,3,15992.82,
OI00710,ORD00424,PROD0056,1,23226.41,
OI00711,ORD00425,PROD0093,1,18733.00,Item damaged in transit
OI00712,ORD00426,PROD0058,2,16633.86,
OI00713,ORD00427,PROD0116,1,15848.05,Size issue
OI00714,ORD00428,PROD0086,2,9548.55,
OI00715,ORD00429,PROD0026,1,17290.00,
OI00716,ORD00429,PROD0099,1,8784.76,
OI00717,ORD00430,PROD0058,1,16633.86,
OI00718,ORD00431,PROD0147,2,16489.00,
OI00719,ORD00432,PROD0064,1,569.74,Quality issue
OI00720,ORD00433,PROD0006,2,4467.37,Size issue
OI00721,ORD00433,PROD0100,2,14031.97,Changed mind
OI00722,ORD00433,PROD0142,3,5171.00,Changed mind
OI00723,ORD00433,PROD0131,1,3180.74,Defective product
OI00724,ORD00434,PROD0063,1,1498.56,
OI00725,ORD00435,PROD0046,3,4465.21,
OI00726,ORD00436,PROD0085,,19896.21,Wrong item delivered
OI00727,ORD00436,PROD0041,1,15992.82,Not as described
OI00728,ORD00436,PROD0063,3,1498.56,Not as described
OI00729,ORD00437,PROD0067,2,21887.96,
OI00730,ORD00438,PROD0137,1,17277.86,
OI00731,ORD00438,PROD0007,1,10014.02,
OI00732,ORD00439,PROD0011,2,6412.00,
OI00733,ORD00439,PROD0094,1,17161.43,
OI00734,ORD00439,PROD0103,1,391.62,
OI00735,ORD00440,PROD0149,2,1011.37,
OI00736,ORD00441,PROD0106,1,19141.47,Size issue
OI00737,ORD00442,PROD0054,1,18914.43,Wrong item delivered
OI00738,ORD00442,PROD0068,2,10404.46,Changed mind
OI00739,ORD00443,PROD0114,1,14074.70,
OI00740,ORD00444,PROD0071,1,3437.55,
OI00741,ORD00445,PROD0074,1,14609.00,
OI00742,ORD00446,PROD0075,3,9903.58,
OI00743,ORD00446,PROD0079,1,14318.00,
OI00744,ORD00447,PROD0076,1,3638.21,Size issue
OI00745,ORD00448,PROD0099,1,8784.76,
OI00746,ORD00449,PROD0150,1,19322.35,
OI00747,ORD00449,PROD0078,2,22056.57,
OI00748,ORD00449,PROD0038,3,439.37,
OI00749,ORD00450,PROD0044,1,4810.00,
OI00750,ORD00450,PROD0089,1,14787.84,
OI00751,ORD00451,PROD0125,1,19949.67,
OI00752,ORD00452,PROD0098,1,16791.00,
OI00753,ORD00453,PROD0080,1,1103.41,
OI00754,ORD00454,PROD0031,1,1394.49,
OI00755,ORD00454,PROD0051,3,17132.25,
OI00756,ORD00455,PROD0135,1,9379.26,
OI00757,ORD00455,PROD0059,1,8748.28,
OI00758,ORD00455,PROD0052,1,21720.68,
OI00759,ORD00456,PROD0138,1,13658.97,
OI00760,ORD00456,PROD0021,1,24138.00,
OI00761,ORD00456,PROD0015,1,19654.69,
OI00762,ORD00456,PROD0115,1,24487.42,
OI00763,ORD00457,PROD0011,3,6412.00,Late delivery
OI00764,ORD00458,PROD0049,2,17403.65,Wrong item delivered
OI00765,ORD00459,PROD0078,1,22056.57,
OI00766,ORD00460,PROD0149,1,1011.37,
OI00767,ORD00460,PROD0123,2,12119.04,
OI00768,ORD00461,PROD0051,1,17132.25,
OI00769,ORD00461,PROD0123,1,12119.04,
OI00770,ORD00462,PROD0125,,19949.67,
OI00771,ORD00463,PROD0029,2,1129.00,
OI00772,ORD00464,PROD0117,1,8689.09,Not as described
OI00773,ORD00464,PROD0001,1,18995.68,Size issue
OI00774,ORD00465,PROD0073,3,21489.03,Late delivery
OI00775,ORD00466,PROD0088,1,17012.00,
OI00776,ORD00467,PROD0113,1,10050.29,
OI00777,ORD00468,PROD0002,1,16421.00,
OI00778,ORD00469,PROD0042,1,17958.95,
OI00779,ORD00470,PROD0025,1,3210.58,
OI00780,ORD00470,PROD0114,2,14074.70,
OI00781,ORD00471,PROD0060,1,13574.90,
OI00782,ORD00472,PROD0121,1,20987.17,
OI00783,ORD00472,PROD0027,1,16592.36,Item damaged in transit
OI00784,ORD00473,PROD0044,1,4810.00,
OI00785,ORD00473,PROD0041,3,15992.82,
OI00786,ORD00474,PROD0107,1,24612.21,Late delivery
OI00787,ORD00474,PROD0069,2,18813.00,Late delivery
OI00788,ORD00475,PROD0091,2,3996.25,
OI00789,ORD00476,PROD0145,,2665.44,Not as described
OI00790,ORD00477,PROD0015,3,19654.69,
OI00791,ORD00477,PROD0105,1,5845.81,
OI00792,ORD00477,PROD0091,1,3996.25,
OI00793,ORD00477,PROD0036,1,1292.41,
OI00794,ORD00478,PROD0098,1,16791.00,
OI00795,ORD00479,PROD0056,1,23226.41,
OI00796,ORD00480,PROD0020,1,19065.65,Item damaged in transit
OI00797,ORD00481,PROD0121,1,20987.17,
OI00798,ORD00481,PROD0012,1,14905.25,Defective product
OI00799,ORD00481,PROD0100,1,14031.97,Item damaged in transit
OI00800,ORD00481,PROD0125,1,19949.67,Quality issue
OI00801,ORD00482,PROD0084,2,18240.16,Size issue
OI00802,ORD00482,PROD0106,1,19141.47,
OI00803,ORD00483,PROD0147,1,16489.00,
OI00804,ORD00484,PROD0075,1,9903.58,Wrong item delivered
OI00805,ORD00484,PROD0006,1,4467.37,Item damaged in transit
OI00806,ORD00485,PROD0115,2,24487.42,
OI00807,ORD00486,PROD0059,1,8748.28,
OI00808,ORD00487,PROD0067,1,21887.96,
OI00809,ORD00487,PROD0066,1,5613.00,
OI00810,ORD00488,PROD0125,2,19949.67,
OI00811,ORD00489,PROD0132,1,24555.00,
OI00812,ORD00490,PROD0130,1,21112.13,
OI00813,ORD00490,PROD0084,1,18240.16,
OI00814,ORD00490,PROD0138,1,13658.97,
OI00815,ORD00490,PROD0126,1,6685.00,
OI00816,ORD00491,PROD0023,1,7560.33,
OI00817,ORD00492,PROD0049,2,17403.65,
OI00818,ORD00492,PROD0019,1,3709.12,
OI00819,ORD00493,PROD0039,1,1401.22,
OI00820,ORD00493,PROD0085,1,19896.21,Not as described
OI00821,ORD00493,PROD0019,,3709.12,Late delivery
OI00822,ORD00494,PROD0005,1,12188.84,Size issue
OI00823,ORD00494,PROD0003,1,1374.00,Item damaged in transit
OI00824,ORD00494,PROD0058,1,16633.86,Changed mind
OI00825,ORD00495,PROD0091,1,3996.25,
OI00826,ORD00495,PROD0148,1,14144.15,
OI00827,ORD00496,PROD0011,2,6412.00,
OI00828,ORD00497,PROD0084,1,18240.16,Size issue
OI00829,ORD00497,PROD0081,1,16140.40,Changed mind
OI00830,ORD00497,PROD0059,1,8748.28,Quality issue
OI00831,ORD00497,PROD0054,3,18914.43,Defective product
OI00832,ORD00498,PROD0054,1,18914.43,Quality issue
OI00833,ORD00498,PROD0098,1,16791.00,Not as described
OI00834,ORD00499,PROD0045,1,11516.09,
OI00835,ORD00500,PROD0042,2,17958.95,
OI00836,ORD00501,PROD0092,2,19627.00,
OI00837,ORD00502,PROD0024,2,18790.37,
OI00838,ORD00503,PROD0029,,1129.00,
OI00839,ORD00504,PROD0108,1,8780.13,Wrong item delivered
OI00840,ORD00505,PROD0017,3,6624.90,Wrong item delivered
OI00841,ORD00505,PROD0112,,4538.00,Quality issue
OI00842,ORD00505,PROD0077,3,19072.59,Item damaged in transit
OI00843,ORD00505,PROD0059,2,8748.28,Size issue
OI00844,ORD00506,PROD0040,1,11259.64,
OI00845,ORD00507,PROD0054,2,18914.43,
OI00846,ORD00508,PROD0107,2,24612.21,
OI00847,ORD00509,PROD0133,3,6444.82,
OI00848,ORD00510,PROD0047,2,10037.07,
OI00849,ORD00510,PROD0094,1,17161.43,
OI00850,ORD00510,PROD0029,1,1129.00,
OI00851,ORD00511,PROD0008,1,5850.20,
OI00852,ORD00511,PROD0007,1,10014.02,
OI00853,ORD00512,PROD0012,2,14905.25,
OI00854,ORD00512,PROD0139,1,7497.47,
OI00855,ORD00512,PROD0097,1,15047.95,
OI00856,ORD00513,PROD0017,1,6624.90,Quality issue
OI00857,ORD00514,PROD0138,1,13658.97,
OI00858,ORD00515,PROD0122,1,3507.61,
OI00859,ORD00516,PROD0139,1,7497.47,
OI00860,ORD00517,PROD0127,2,10410.66,
OI00861,ORD00518,PROD0057,1,8048.80,
OI00862,ORD00519,PROD0022,2,16967.19,
OI00863,ORD00520,PROD0027,1,16592.36,
OI00864,ORD00521,PROD0078,2,22056.57,
OI00865,ORD00521,PROD0085,1,19896.21,
OI00866,ORD00522,PROD0069,1,18813.00,
OI00867,ORD00522,PROD0034,2,17449.82,
OI00868,ORD00522,PROD0084,2,18240.16,
OI00869,ORD00522,PROD0109,1,2653.58,
OI00870,ORD00523,PROD0004,1,3489.00,
OI00871,ORD00523,PROD0037,1,13049.63,
OI00872,ORD00523,PROD0009,1,16990.73,
OI00873,ORD00523,PROD0061,2,8109.77,
OI00874,ORD00524,PROD0055,1,9523.00,
OI00875,ORD00525,PROD0072,1,3487.50,
OI00876,ORD00526,PROD0048,1,17840.08,Quality issue
OI00877,ORD00527,PROD0025,1,3210.58,Item damaged in transit
OI00878,ORD00528,PROD0094,1,17161.43,
OI00879,ORD00529,PROD0025,1,3210.58,
OI00880,ORD00530,PROD0141,2,15384.03,
OI00881,ORD00531,PROD0116,1,15848.05,Wrong item delivered
OI00882,ORD00532,PROD0047,1,10037.07,Changed mind
OI00883,ORD00532,PROD0102,1,6556.00,Item damaged in transit
OI00884,ORD00532,PROD0131,2,3180.74,
OI00885,ORD00532,PROD0050,1,21955.00,
OI00886,ORD00533,PROD0136,1,16167.69,
OI00887,ORD00534,PROD0058,1,16633.86,
OI00888,ORD00534,PROD0039,1,1401.22,
OI00889,ORD00535,PROD0103,1,391.62,
OI00890,ORD00536,PROD0120,2,15509.84,
OI00891,ORD00536,PROD0083,1,15794.08,
OI00892,ORD00536,PROD0035,1,19512.23,
OI00893,ORD00537,PROD0018,2,12586.00,Size issue
OI00894,ORD00537,PROD0016,2,18170.89,Changed mind
OI00895,ORD00538,PROD0108,1,8780.13,Changed mind
OI00896,ORD00539,PROD0058,3,16633.86,Late delivery
OI00897,ORD00540,PROD0150,3,19322.35,
OI00898,ORD00541,PROD0071,2,3437.55,Defective product
OI00899,ORD00542,PROD0135,1,9379.26,
OI00900,ORD00543,PROD0113,1,10050.29,Wrong item delivered
OI00901,ORD00544,PROD0040,2,11259.64,Item damaged in transit
OI00902,ORD00544,PROD0019,3,3709.12,Defective product
OI00903,ORD00545,PROD0029,1,1129.00,
OI00904,ORD00545,PROD0120,1,15509.84,
OI00905,ORD00545,PROD0110,2,12544.43,
OI00906,ORD00546,PROD0093,1,18733.00,Quality issue
OI00907,ORD00547,PROD0108,2,8780.13,Late delivery
OI00908,ORD00547,PROD0015,1,19654.69,Item damaged in transit
OI00909,ORD00547,PROD0027,2,16592.36,Item damaged in transit
OI00910,ORD00547,PROD0072,1,3487.50,Quality issue
OI00911,ORD00548,PROD0112,1,4538.00,
OI00912,ORD00549,PROD0125,1,19949.67,
OI00913,ORD00549,PROD0144,1,20577.36,
OI00914,ORD00550,PROD0011,1,6412.00,
OI00915,ORD00550,PROD0028,3,19651.00,
OI00916,ORD00551,PROD0062,1,5258.00,
OI00917,ORD00552,PROD0108,1,8780.13,
OI00918,ORD00552,PROD0101,2,24156.00,
OI00919,ORD00552,PROD0011,1,6412.00,
OI00920,ORD00553,PROD0111,1,5829.88,
OI00921,ORD00553,PROD0007,3,10014.02,
OI00922,ORD00553,PROD0056,3,23226.41,
OI00923,ORD00554,PROD0065,2,7352.44,
OI00924,ORD00554,PROD0092,3,19627.00,
OI00925,ORD00555,PROD0013,1,4830.75,
OI00926,ORD00556,PROD0042,1,17958.95,
OI00927,ORD00556,PROD0054,1,18914.43,
OI00928,ORD00557,PROD0045,2,11516.09,
OI00929,ORD00557,PROD0128,1,631.98,
OI00930,ORD00558,PROD0059,1,8748.28,
OI00931,ORD00558,PROD0082,1,16929.00,
OI00932,ORD00558,PROD0079,1,14318.00,
OI00933,ORD00559,PROD0068,2,10404.46,
OI00934,ORD00560,PROD0113,2,10050.29,
OI00935,ORD00561,PROD0083,1,15794.08,
OI00936,ORD00561,PROD0005,2,12188.84,
OI00937,ORD00561,PROD0029,2,1129.00,
OI00938,ORD00561,PROD0049,1,17403.65,
OI00939,ORD00562,PROD0024,2,18790.37,
OI00940,ORD00563,PROD0068,2,10404.46,
OI00941,ORD00563,PROD0038,1,439.37,
OI00942,ORD00564,PROD0076,1,3638.21,Wrong item delivered
OI00943,ORD00565,PROD0011,1,6412.00,
OI00944,ORD00566,PROD0007,1,10014.02,Changed mind
OI00945,ORD00566,PROD0127,,10410.66,Size issue
OI00946,ORD00566,PROD0058,1,16633.86,Defective product
OI00947,ORD00566,PROD0057,1,8048.80,Quality issue
OI00948,ORD00567,PROD0146,1,18690.79,
OI00949,ORD00567,PROD0050,1,21955.00,
OI00950,ORD00568,PROD0100,2,14031.97,
OI00951,ORD00568,PROD0067,1,21887.96,
OI00952,ORD00568,PROD0094,3,17161.43,
OI00953,ORD00569,PROD0035,1,19512.23,
OI00954,ORD00570,PROD0138,1,13658.97,
OI00955,ORD00570,PROD0149,1,1011.37,Wrong item delivered
OI00956,ORD00571,PROD0090,2,4847.17,Changed mind
OI00957,ORD00571,PROD0142,1,5171.00,Defective product
OI00958,ORD00572,PROD0112,1,4538.00,
OI00959,ORD00573,PROD0115,1,24487.42,
OI00960,ORD00574,PROD0038,1,439.37,Item damaged in transit
OI00961,ORD00575,PROD0146,3,18690.79,
OI00962,ORD00575,PROD0065,2,7352.44,
OI00963,ORD00576,PROD0035,1,19512.23,Quality issue
OI00964,ORD00576,PROD0102,1,6556.00,Late delivery
OI00965,ORD00577,PROD0131,1,3180.74,
OI00966,ORD00577,PROD0105,1,5845.81,
OI00967,ORD00578,PROD0014,2,6596.00,
OI00968,ORD00579,PROD0019,1,3709.12,
OI00969,ORD00580,PROD0050,3,21955.00,Size issue
OI00970,ORD00580,PROD0064,1,569.74,Quality issue
OI00971,ORD00581,PROD0025,3,3210.58,
OI00972,ORD00582,PROD0100,1,14031.97,Item damaged in transit
OI00973,ORD00582,PROD0105,1,5845.81,Size issue
OI00974,ORD00582,PROD0098,2,16791.00,Quality issue
OI00975,ORD00582,PROD0122,1,3507.61,Changed mind
OI00976,ORD00583,PROD0021,1,24138.00,Defective product
OI00977,ORD00583,PROD0087,1,11975.35,
OI00978,ORD00583,PROD0116,,15848.05,Size issue
OI00979,ORD00583,PROD0025,,3210.58,Defective product
OI00980,ORD00584,PROD0008,2,5850.20,
OI00981,ORD00585,PROD0018,3,12586.00,
OI00982,ORD00586,PROD0047,1,10037.07,
OI00983,ORD00586,PROD0138,2,13658.97,
OI00984,ORD00587,PROD0147,2,16489.00,Size issue
OI00985,ORD00587,PROD0046,2,4465.21,Quality issue
OI00986,ORD00588,PROD0138,2,13658.97,
OI00987,ORD00589,PROD0080,3,1103.41,
OI00988,ORD00590,PROD0133,3,6444.82,
OI00989,ORD00590,PROD0043,1,9441.18,
OI00990,ORD00591,PROD0117,2,8689.09,
OI00991,ORD00591,PROD0141,1,15384.03,
OI00992,ORD00591,PROD0100,1,14031.97,
OI00993,ORD00592,PROD0126,1,6685.00,
OI00994,ORD00592,PROD0049,3,17403.65,
OI00995,ORD00592,PROD0104,3,8935.42,
OI00996,ORD00592,PROD0011,2,6412.00,
OI00997,ORD00593,PROD0083,3,15794.08,
OI00998,ORD00594,PROD0134,2,24761.41,
OI00999,ORD00594,PROD0101,1,24156.00,
OI01000,ORD00595,PROD0075,1,9903.58,
OI01001,ORD00595,PROD0110,1,12544.43,
OI01002,ORD00596,PROD0124,1,7276.04,
OI01003,ORD00597,PROD0074,1,14609.00,
OI01004,ORD00597,PROD0015,2,19654.69,
OI01005,ORD00597,PROD0136,1,16167.69,
OI01006,ORD00597,PROD0011,1,6412.00,
OI01007,ORD00598,PROD0078,1,22056.57,Item damaged in transit
OI01008,ORD00599,PROD0112,2,4538.00,
OI01009,ORD00600,PROD0095,1,1742.40,
OI01010,ORD00601,PROD0118,3,24143.00,
OI01011,ORD00602,PROD0019,1,3709.12,
OI01012,ORD00602,PROD0053,1,10501.67,Not as described
OI01013,ORD00603,PROD0075,3,9903.58,
OI01014,ORD00603,PROD0002,3,16421.00,
OI01015,ORD00604,PROD0100,2,14031.97,
OI01016,ORD00605,PROD0012,1,14905.25,
OI01017,ORD00605,PROD0040,1,11259.64,
OI01018,ORD00605,PROD0037,1,13049.63,
OI01019,ORD00606,PROD0080,,1103.41,
OI01020,ORD00606,PROD0053,2,10501.67,
OI01021,ORD00606,PROD0070,2,3336.15,
OI01022,ORD00607,PROD0065,1,7352.44,
OI01023,ORD00607,PROD0003,1,1374.00,
OI01024,ORD00608,PROD0058,1,16633.86,
OI01025,ORD00608,PROD0019,3,3709.12,
OI01026,ORD00609,PROD0084,1,18240.16,Late delivery
OI01027,ORD00610,PROD0102,1,6556.00,
OI01028,ORD00610,PROD0073,1,21489.03,
OI01029,ORD00611,PROD0052,3,21720.68,
OI01030,ORD00612,PROD0133,3,6444.82,
OI01031,ORD00613,PROD0059,1,8748.28,
OI01032,ORD00614,PROD0018,1,12586.00,
OI01033,ORD00615,PROD0037,1,13049.63,
OI01034,ORD00616,PROD0129,2,3894.00,Item damaged in transit
OI01035,ORD00616,PROD0049,1,17403.65,Size issue
OI01036,ORD00617,PROD0045,3,11516.09,Defective product
OI01037,ORD00617,PROD0090,1,4847.17,Late delivery
OI01038,ORD00617,PROD0119,1,10016.58,Changed mind
OI01039,ORD00617,PROD0052,2,21720.68,Defective product
OI01040,ORD00618,PROD0063,1,1498.56,Late delivery
OI01041,ORD00619,PROD0082,1,16929.00,
OI01042,ORD00620,PROD0137,1,17277.86,
OI01043,ORD00621,PROD0083,1,15794.08,
OI01044,ORD00621,PROD0095,,1742.40,
OI01045,ORD00622,PROD0015,2,19654.69,
OI01046,ORD00623,PROD0058,2,16633.86,
OI01047,ORD00624,PROD0006,1,4467.37,
OI01048,ORD00625,PROD0099,3,8784.76,
OI01049,ORD00625,PROD0073,1,21489.03,
OI01050,ORD00625,PROD0100,3,14031.97,
OI01051,ORD00625,PROD0116,1,15848.05,
OI01052,ORD00626,PROD0093,1,18733.00,Late delivery
OI01053,ORD00627,PROD0100,3,14031.97,
OI01054,ORD00628,PROD0006,1,4467.37,
OI01055,ORD00629,PROD0106,2,19141.47,
OI01056,ORD00630,PROD0103,1,391.62,
OI01057,ORD00631,PROD0104,1,8935.42,
OI01058,ORD00632,PROD0114,1,14074.70,
OI01059,ORD00632,PROD0100,1,14031.97,
OI01060,ORD00633,PROD0063,1,1498.56,
OI01061,ORD00634,PROD0094,3,17161.43,
OI01062,ORD00635,PROD0105,1,5845.81,
OI01063,ORD00635,PROD0096,1,23651.04,
OI01064,ORD00636,PROD0077,1,19072.59,Changed mind
OI01065,ORD00636,PROD0106,2,19141.47,Not as described
OI01066,ORD00637,PROD0114,1,14074.70,
OI01067,ORD00638,PROD0045,3,11516.09,
OI01068,ORD00638,PROD0070,2,3336.15,
OI01069,ORD00639,PROD0051,1,17132.25,
OI01070,ORD00639,PROD0039,2,1401.22,
OI01071,ORD00640,PROD0081,2,16140.40,Wrong item delivered
OI01072,ORD00640,PROD0136,3,16167.69,Defective product
OI01073,ORD00640,PROD0010,1,20051.49,Item damaged in transit
OI01074,ORD00640,PROD0025,1,3210.58,Changed mind
OI01075,ORD00641,PROD0081,1,16140.40,
OI01076,ORD00642,PROD0045,1,11516.09,Wrong item delivered
OI01077,ORD00643,PROD0039,1,1401.22,
OI01078,ORD00644,PROD0105,1,5845.81,Quality issue
OI01079,ORD00644,PROD0041,1,15992.82,Changed mind
OI01080,ORD00644,PROD0144,1,20577.36,Size issue
OI01081,ORD00645,PROD0011,1,6412.00,
OI01082,ORD00646,PROD0044,2,4810.00,
OI01083,ORD00647,PROD0093,1,18733.00,Defective product
OI01084,ORD00647,PROD0113,3,10050.29,
OI01085,ORD00647,PROD0150,1,19322.35,Wrong item delivered
OI01086,ORD00647,PROD0147,1,16489.00,Size issue
OI01087,ORD00648,PROD0039,3,1401.22,
OI01088,ORD00648,PROD0029,1,1129.00,
OI01089,ORD00649,PROD0022,1,16967.19,
OI01090,ORD00650,PROD0107,3,24612.21,
OI01091,ORD00651,PROD0132,1,24555.00,
OI01092,ORD00652,PROD0126,1,6685.00,
OI01093,ORD00652,PROD0082,1,16929.00,
OI01094,ORD00652,PROD0043,1,9441.18,
OI01095,ORD00653,PROD0118,1,24143.00,
OI01096,ORD00653,PROD0021,2,24138.00,
OI01097,ORD00654,PROD0147,1,16489.00,Not as described
OI01098,ORD00655,PROD0100,1,14031.97,Late delivery
OI01099,ORD00656,PROD0132,2,24555.00,Not as described
OI01100,ORD00657,PROD0089,2,14787.84,
OI01101,ORD00658,PROD0022,3,16967.19,Wrong item delivered
OI01102,ORD00659,PROD0131,2,3180.74,
OI01103,ORD00659,PROD0030,1,12428.49,
OI01104,ORD00659,PROD0006,1,4467.37,
OI01105,ORD00660,PROD0023,2,7560.33,
OI01106,ORD00660,PROD0020,1,19065.65,
OI01107,ORD00660,PROD0003,1,1374.00,
OI01108,ORD00661,PROD0118,1,24143.00,Size issue
OI01109,ORD00661,PROD0085,2,19896.21,Wrong item delivered
OI01110,ORD00661,PROD0028,,19651.00,Wrong item delivered
OI01111,ORD00661,PROD0032,2,21322.17,Changed mind
OI01112,ORD00662,PROD0100,1,14031.97,Changed mind
OI01113,ORD00662,PROD0083,1,15794.08,Quality issue
OI01114,ORD00663,PROD0074,2,14609.00,
OI01115,ORD00664,PROD0114,1,14074.70,Size issue
OI01116,ORD00664,PROD0048,1,17840.08,
OI01117,ORD00664,PROD0130,1,21112.13,Wrong item delivered
OI01118,ORD00665,PROD0048,2,17840.08,
OI01119,ORD00666,PROD0102,1,6556.00,
OI01120,ORD00667,PROD0130,1,21112.13,
OI01121,ORD00667,PROD0074,1,14609.00,
OI01122,ORD00668,PROD0065,1,7352.44,
OI01123,ORD00669,PROD0127,1,10410.66,
OI01124,ORD00670,PROD0111,1,5829.88,
OI01125,ORD00670,PROD0021,1,24138.00,
OI01126,ORD00671,PROD0082,1,16929.00,
OI01127,ORD00671,PROD0093,3,18733.00,
OI01128,ORD00672,PROD0082,1,16929.00,Quality issue
OI01129,ORD00672,PROD0116,1,15848.05,Quality issue
OI01130,ORD00673,PROD0049,1,17403.65,
OI01131,ORD00673,PROD0059,2,8748.28,
OI01132,ORD00673,PROD0044,2,4810.00,
OI01133,ORD00673,PROD0011,1,6412.00,
OI01134,ORD00674,PROD0040,1,11259.64,Not as described
OI01135,ORD00675,PROD0036,2,1292.41,
OI01136,ORD00676,PROD0039,1,1401.22,Size issue
OI01137,ORD00676,PROD0103,3,391.62,Changed mind
OI01138,ORD00676,PROD0094,1,17161.43,Size issue
OI01139,ORD00677,PROD0128,1,631.98,Late delivery
OI01140,ORD00678,PROD0072,1,3487.50,
OI01141,ORD00678,PROD0059,1,8748.28,
OI01142,ORD00678,PROD0049,1,17403.65,
OI01143,ORD00679,PROD0028,1,19651.00,Item damaged in transit
OI01144,ORD00680,PROD0037,1,13049.63,Quality issue
OI01145,ORD00680,PROD0061,1,8109.77,Defective product
OI01146,ORD00681,PROD0087,1,11975.35,
OI01147,ORD00681,PROD0080,1,1103.41,
OI01148,ORD00682,PROD0096,2,23651.04,Size issue
OI01149,ORD00683,PROD0017,1,6624.90,
OI01150,ORD00683,PROD0005,1,12188.84,
OI01151,ORD00683,PROD0115,2,24487.42,
OI01152,ORD00683,PROD0095,3,1742.40,
OI01153,ORD00684,PROD0143,1,9253.90,
OI01154,ORD00684,PROD0088,1,17012.00,
OI01155,ORD00685,PROD0147,3,16489.00,
OI01156,ORD00686,PROD0061,1,8109.77,
OI01157,ORD00686,PROD0064,1,569.74,
OI01158,ORD00687,PROD0038,1,439.37,
OI01159,ORD00688,PROD0069,1,18813.00,
OI01160,ORD00689,PROD0071,2,3437.55,
OI01161,ORD00690,PROD0122,1,3507.61,Defective product
OI01162,ORD00690,PROD0064,2,569.74,Quality issue
OI01163,ORD00691,PROD0082,3,16929.00,
OI01164,ORD00691,PROD0125,1,19949.67,Changed mind
OI01165,ORD00692,PROD0031,2,1394.49,
OI01166,ORD00692,PROD0076,1,3638.21,
OI01167,ORD00693,PROD0097,1,15047.95,
OI01168,ORD00694,PROD0067,1,21887.96,
OI01169,ORD00695,PROD0108,1,8780.13,
OI01170,ORD00696,PROD0038,1,439.37,
OI01171,ORD00696,PROD0115,1,24487.42,Late delivery
OI01172,ORD00696,PROD0098,1,16791.00,
OI01173,ORD00697,PROD0033,,10109.00,
OI01174,ORD00698,PROD0084,1,18240.16,
OI01175,ORD00699,PROD0097,1,15047.95,
OI01176,ORD00700,PROD0102,1,6556.00,
OI01177,ORD00700,PROD0046,1,4465.21,
OI01178,ORD00701,PROD0146,2,18690.79,
OI01179,ORD00701,PROD0011,2,6412.00,
OI01180,ORD00702,PROD0018,1,12586.00,Wrong item delivered
OI01181,ORD00703,PROD0061,1,8109.77,
OI01182,ORD00703,PROD0024,2,18790.37,
OI01183,ORD00703,PROD0093,1,18733.00,
OI01184,ORD00703,PROD0092,1,19627.00,
OI01185,ORD00704,PROD0023,2,7560.33,Quality issue
OI01186,ORD00705,PROD0067,1,21887.96,
OI01187,ORD00705,PROD0059,1,8748.28,
OI01188,ORD00706,PROD0058,1,16633.86,
OI01189,ORD00706,PROD0123,3,12119.04,
OI01190,ORD00706,PROD0011,1,6412.00,
OI01191,ORD00707,PROD0102,1,6556.00,
OI01192,ORD00708,PROD0107,1,24612.21,
OI01193,ORD00709,PROD0054,1,18914.43,Defective product
OI01194,ORD00709,PROD0059,1,8748.28,Item damaged in transit
OI01195,ORD00710,PROD0102,1,6556.00,
OI01196,ORD00710,PROD0055,2,9523.00,
OI01197,ORD00710,PROD0039,1,1401.22,
OI01198,ORD00711,PROD0052,2,21720.68,
OI01199,ORD00712,PROD0067,1,21887.96,Late delivery
OI01200,ORD00713,PROD0132,2,24555.00,
OI01201,ORD00714,PROD0100,2,14031.97,
OI01202,ORD00715,PROD0052,2,21720.68,
OI01203,ORD00715,PROD0146,2,18690.79,
OI01204,ORD00715,PROD0077,1,19072.59,
OI01205,ORD00716,PROD0146,1,18690.79,
OI01206,ORD00716,PROD0065,1,7352.44,
OI01207,ORD00717,PROD0053,2,10501.67,Quality issue
OI01208,ORD00717,PROD0128,1,631.98,Size issue
OI01209,ORD00717,PROD0100,1,14031.97,
OI01210,ORD00718,PROD0064,2,569.74,
OI01211,ORD00718,PROD0020,2,19065.65,
OI01212,ORD00718,PROD0028,3,19651.00,
OI01213,ORD00718,PROD0001,1,18995.68,
OI01214,ORD00719,PROD0014,1,6596.00,
OI01215,ORD00720,PROD0096,1,23651.04,
OI01216,ORD00720,PROD0020,1,19065.65,
OI01217,ORD00720,PROD0072,1,3487.50,
OI01218,ORD00720,PROD0107,3,24612.21,
OI01219,ORD00721,PROD0031,1,1394.49,
OI01220,ORD00721,PROD0008,2,5850.20,
OI01221,ORD00721,PROD0122,2,3507.61,
OI01222,ORD00722,PROD0006,2,4467.37,
OI01223,ORD00723,PROD0040,1,11259.64,
OI01224,ORD00723,PROD0056,1,23226.41,
OI01225,ORD00724,PROD0106,1,19141.47,
OI01226,ORD00724,PROD0045,1,11516.09,
OI01227,ORD00724,PROD0004,1,3489.00,
OI01228,ORD00725,PROD0069,1,18813.00,Late delivery
OI01229,ORD00726,PROD0115,2,24487.42,
OI01230,ORD00727,PROD0145,2,2665.44,Not as described
OI01231,ORD00728,PROD0060,1,13574.90,Wrong item delivered
OI01232,ORD00728,PROD0013,1,4830.75,Quality issue
OI01233,ORD00729,PROD0096,2,23651.04,
OI01234,ORD00730,PROD0089,1,14787.84,
OI01235,ORD00731,PROD0089,2,14787.84,
OI01236,ORD00732,PROD0127,1,10410.66,
OI01237,ORD00732,PROD0139,1,7497.47,
OI01238,ORD00733,PROD0092,1,19627.00,
OI01239,ORD00734,PROD0043,2,9441.18,Item damaged in transit
OI01240,ORD00735,PROD0038,1,439.37,Size issue
OI01241,ORD00735,PROD0088,1,17012.00,Changed mind
OI01242,ORD00735,PROD0139,1,7497.47,Not as described
OI01243,ORD00736,PROD0140,1,19434.01,
OI01244,ORD00736,PROD0011,1,6412.00,
OI01245,ORD00736,PROD0134,2,24761.41,
OI01246,ORD00736,PROD0027,2,16592.36,
OI01247,ORD00737,PROD0096,1,23651.04,
OI01248,ORD00738,PROD0101,1,24156.00,
OI01249,ORD00738,PROD0057,1,8048.80,
OI01250,ORD00739,PROD0117,1,8689.09,Changed mind
OI01251,ORD00740,PROD0130,1,21112.13,Wrong item delivered
OI01252,ORD00740,PROD0028,1,19651.00,Not as described
OI01253,ORD00740,PROD0127,1,10410.66,Wrong item delivered
OI01254,ORD00741,PROD0005,1,12188.84,
OI01255,ORD00742,PROD0019,1,3709.12,
OI01256,ORD00743,PROD0092,,19627.00,
OI01257,ORD00744,PROD0088,1,17012.00,
OI01258,ORD00744,PROD0100,1,14031.97,
OI01259,ORD00745,PROD0011,3,6412.00,
OI01260,ORD00745,PROD0126,1,6685.00,
OI01261,ORD00746,PROD0099,2,8784.76,Wrong item delivered
OI01262,ORD00747,PROD0090,3,4847.17,
OI01263,ORD00747,PROD0126,3,6685.00,
OI01264,ORD00748,PROD0065,1,7352.44,Wrong item delivered
OI01265,ORD00749,PROD0025,2,3210.58,
OI01266,ORD00749,PROD0117,3,8689.09,
OI01267,ORD00749,PROD0098,1,16791.00,
OI01268,ORD00750,PROD0056,1,23226.41,
OI01269,ORD00750,PROD0106,2,19141.47,
OI01270,ORD00750,PROD0025,3,3210.58,
OI01271,ORD00751,PROD0119,1,10016.58,
OI01272,ORD00752,PROD0013,1,4830.75,
OI01273,ORD00752,PROD0065,3,7352.44,
OI01274,ORD00752,PROD0150,1,19322.35,
OI01275,ORD00752,PROD0031,1,1394.49,
OI01276,ORD00753,PROD0020,1,19065.65,
OI01277,ORD00754,PROD0046,2,4465.21,Defective product
OI01278,ORD00755,PROD0150,2,19322.35,
OI01279,ORD00756,PROD0030,1,12428.49,
OI01280,ORD00757,PROD0145,1,2665.44,
OI01281,ORD00757,PROD0007,1,10014.02,
OI01282,ORD00758,PROD0095,1,1742.40,Wrong item delivered
OI01283,ORD00759,PROD0112,1,4538.00,Not as described
OI01284,ORD00760,PROD0092,1,19627.00,
OI01285,ORD00761,PROD0036,1,1292.41,
OI01286,ORD00762,PROD0051,1,17132.25,
OI01287,ORD00762,PROD0115,1,24487.42,
OI01288,ORD00763,PROD0048,1,17840.08,Changed mind
OI01289,ORD00763,PROD0150,,19322.35,Not as described
OI01290,ORD00763,PROD0106,1,19141.47,Defective product
OI01291,ORD00763,PROD0030,1,12428.49,
OI01292,ORD00764,PROD0036,1,1292.41,
OI01293,ORD00765,PROD0055,1,9523.00,
OI01294,ORD00766,PROD0026,1,17290.00,
OI01295,ORD00767,PROD0019,1,3709.12,Size issue
OI01296,ORD00768,PROD0018,1,12586.00,Wrong item delivered
OI01297,ORD00769,PROD0106,2,19141.47,
OI01298,ORD00770,PROD0068,1,10404.46,Not as described
OI01299,ORD00771,PROD0102,1,6556.00,Item damaged in transit
OI01300,ORD00772,PROD0058,1,16633.86,
OI01301,ORD00772,PROD0033,1,10109.00,
OI01302,ORD00773,PROD0041,1,15992.82,Wrong item delivered
OI01303,ORD00773,PROD0062,1,5258.00,Wrong item delivered
OI01304,ORD00773,PROD0134,2,24761.41,Size issue
OI01305,ORD00774,PROD0072,1,3487.50,Quality issue
OI01306,ORD00775,PROD0088,3,17012.00,Quality issue
OI01307,ORD00775,PROD0078,1,22056.57,
OI01308,ORD00775,PROD0138,3,13658.97,
OI01309,ORD00775,PROD0084,2,18240.16,Size issue
OI01310,ORD00776,PROD0126,3,6685.00,
OI01311,ORD00777,PROD0017,1,6624.90,
OI01312,ORD00777,PROD0065,2,7352.44,
OI01313,ORD00778,PROD0083,3,15794.08,
OI01314,ORD00779,PROD0079,1,14318.00,Item damaged in transit
OI01315,ORD00780,PROD0068,1,10404.46,
OI01316,ORD00781,PROD0036,2,1292.41,Late delivery
OI01317,ORD00782,PROD0139,1,7497.47,Quality issue
OI01318,ORD00782,PROD0142,1,5171.00,Late delivery
OI01319,ORD00783,PROD0087,1,11975.35,
OI01320,ORD00784,PROD0063,1,1498.56,Late delivery
OI01321,ORD00785,PROD0088,1,17012.00,
OI01322,ORD00786,PROD0097,2,15047.95,
OI01323,ORD00787,PROD0049,2,17403.65,Late delivery
OI01324,ORD00788,PROD0141,1,15384.03,
OI01325,ORD00789,PROD0051,1,17132.25,
OI01326,ORD00789,PROD0069,3,18813.00,
OI01327,ORD00790,PROD0100,1,14031.97,Size issue
OI01328,ORD00791,PROD0014,1,6596.00,
OI01329,ORD00792,PROD0138,1,13658.97,
OI01330,ORD00793,PROD0109,1,2653.58,Wrong item delivered
OI01331,ORD00793,PROD0053,1,10501.67,Late delivery
OI01332,ORD00793,PROD0011,1,6412.00,Changed mind
OI01333,ORD00793,PROD0146,1,18690.79,Late delivery
OI01334,ORD00794,PROD0061,1,8109.77,
OI01335,ORD00795,PROD0057,1,8048.80,
OI01336,ORD00796,PROD0139,1,7497.47,
OI01337,ORD00797,PROD0070,2,3336.15,Wrong item delivered
OI01338,ORD00798,PROD0057,1,8048.80,
OI01339,ORD00798,PROD0062,3,5258.00,
OI01340,ORD00798,PROD0118,1,24143.00,
OI01341,ORD00799,PROD0099,1,8784.76,
OI01342,ORD00800,PROD0105,2,5845.81,
OI01343,ORD00800,PROD0114,1,14074.70,
OI01344,ORD00800,PROD0039,1,1401.22,
OI01345,ORD00801,PROD0126,1,6685.00,
OI01346,ORD00801,PROD0112,1,4538.00,
OI01347,ORD00801,PROD0135,1,9379.26,
OI01348,ORD00802,PROD0020,1,19065.65,
OI01349,ORD00803,PROD0104,1,8935.42,
OI01350,ORD00804,PROD0064,2,569.74,
OI01351,ORD00805,PROD0121,3,20987.17,
OI01352,ORD00806,PROD0017,2,6624.90,Defective product
OI01353,ORD00806,PROD0116,1,15848.05,Not as described
OI01354,ORD00807,PROD0115,3,24487.42,Wrong item delivered
OI01355,ORD00808,PROD0069,1,18813.00,Late delivery
OI01356,ORD00809,PROD0150,1,19322.35,
OI01357,ORD00810,PROD0010,1,20051.49,
OI01358,ORD00810,PROD0098,2,16791.00,
OI01359,ORD00810,PROD0094,1,17161.43,
OI01360,ORD00811,PROD0135,3,9379.26,
OI01361,ORD00812,PROD0112,1,4538.00,
OI01362,ORD00813,PROD0080,1,1103.41,Wrong item delivered
OI01363,ORD00814,PROD0014,1,6596.00,
OI01364,ORD00815,PROD0046,1,4465.21,Not as described
OI01365,ORD00815,PROD0074,1,14609.00,Changed mind
OI01366,ORD00815,PROD0141,1,15384.03,Wrong item delivered
OI01367,ORD00816,PROD0137,2,17277.86,
OI01368,ORD00816,PROD0032,1,21322.17,
OI01369,ORD00817,PROD0048,,17840.08,
OI01370,ORD00818,PROD0070,1,3336.15,Defective product
OI01371,ORD00818,PROD0132,1,24555.00,Quality issue
OI01372,ORD00818,PROD0006,1,4467.37,
OI01373,ORD00819,PROD0072,1,3487.50,Size issue
OI01374,ORD00819,PROD0119,2,10016.58,Size issue
OI01375,ORD00820,PROD0018,1,12586.00,Late delivery
OI01376,ORD00820,PROD0097,2,15047.95,Not as described
OI01377,ORD00821,PROD0135,3,9379.26,
OI01378,ORD00821,PROD0120,1,15509.84,Not as described
OI01379,ORD00822,PROD0105,1,5845.81,
OI01380,ORD00823,PROD0010,1,20051.49,
OI01381,ORD00824,PROD0077,1,19072.59,
OI01382,ORD00825,PROD0077,1,19072.59,Item damaged in transit
OI01383,ORD00826,PROD0056,2,23226.41,
OI01384,ORD00826,PROD0112,1,4538.00,
OI01385,ORD00827,PROD0036,1,1292.41,
OI01386,ORD00827,PROD0078,3,22056.57,
OI01387,ORD00828,PROD0103,1,391.62,
OI01388,ORD00829,PROD0119,3,10016.58,
OI01389,ORD00829,PROD0034,1,17449.82,
OI01390,ORD00829,PROD0107,1,24612.21,
OI01391,ORD00830,PROD0099,2,8784.76,
OI01392,ORD00831,PROD0076,1,3638.21,
OI01393,ORD00832,PROD0123,1,12119.04,Item damaged in transit
OI01394,ORD00833,PROD0043,2,9441.18,
OI01395,ORD00833,PROD0003,1,1374.00,
OI01396,ORD00833,PROD0026,1,17290.00,
OI01397,ORD00833,PROD0038,1,439.37,
OI01398,ORD00834,PROD0089,1,14787.84,
OI01399,ORD00834,PROD0084,1,18240.16,
OI01400,ORD00835,PROD0125,1,19949.67,
OI01401,ORD00836,PROD0141,1,15384.03,
OI01402,ORD00836,PROD0145,1,2665.44,
OI01403,ORD00837,PROD0113,2,10050.29,
OI01404,ORD00838,PROD0051,1,17132.25,Not as described
OI01405,ORD00839,PROD0012,1,14905.25,Size issue
OI01406,ORD00840,PROD0107,1,24612.21,
OI01407,ORD00840,PROD0039,3,1401.22,
OI01408,ORD00841,PROD0042,2,17958.95,
OI01409,ORD00841,PROD0010,3,20051.49,
OI01410,ORD00841,PROD0068,1,10404.46,
OI01411,ORD00841,PROD0124,1,7276.04,
OI01412,ORD00842,PROD0096,2,23651.04,
OI01413,ORD00843,PROD0143,1,9253.90,Item damaged in transit
OI01414,ORD00844,PROD0040,1,11259.64,
OI01415,ORD00845,PROD0063,1,1498.56,
OI01416,ORD00846,PROD0085,3,19896.21,
OI01417,ORD00847,PROD0104,1,8935.42,
OI01418,ORD00847,PROD0014,1,6596.00,
OI01419,ORD00847,PROD0077,2,19072.59,
OI01420,ORD00847,PROD0066,3,5613.00,
OI01421,ORD00848,PROD0130,1,21112.13,
OI01422,ORD00848,PROD0093,1,18733.00,
OI01423,ORD00849,PROD0124,3,7276.04,
OI01424,ORD00850,PROD0015,1,19654.69,
OI01425,ORD00850,PROD0112,1,4538.00,
OI01426,ORD00851,PROD0095,1,1742.40,
OI01427,ORD00852,PROD0126,1,6685.00,
OI01428,ORD00852,PROD0102,1,6556.00,
OI01429,ORD00852,PROD0055,1,9523.00,
OI01430,ORD00853,PROD0097,2,15047.95,
OI01431,ORD00854,PROD0003,1,1374.00,Not as described
OI01432,ORD00855,PROD0039,,1401.22,
OI01433,ORD00856,PROD0035,1,19512.23,
OI01434,ORD00857,PROD0092,1,19627.00,
OI01435,ORD00857,PROD0147,1,16489.00,
OI01436,ORD00858,PROD0022,2,16967.19,
OI01437,ORD00858,PROD0011,2,6412.00,
OI01438,ORD00858,PROD0001,1,18995.68,
OI01439,ORD00858,PROD0050,2,21955.00,
OI01440,ORD00859,PROD0036,1,1292.41,Late delivery
OI01441,ORD00859,PROD0017,2,6624.90,
OI01442,ORD00860,PROD0073,1,21489.03,
OI01443,ORD00860,PROD0009,1,16990.73,
OI01444,ORD00861,PROD0131,1,3180.74,
OI01445,ORD00862,PROD0108,1,8780.13,
OI01446,ORD00862,PROD0061,1,8109.77,
OI01447,ORD00862,PROD0080,1,1103.41,
OI01448,ORD00863,PROD0038,1,439.37,
OI01449,ORD00863,PROD0028,1,19651.00,
OI01450,ORD00863,PROD0115,1,24487.42,
OI01451,ORD00864,PROD0105,1,5845.81,
OI01452,ORD00865,PROD0054,2,18914.43,
OI01453,ORD00866,PROD0101,1,24156.00,Wrong item delivered
OI01454,ORD00867,PROD0065,2,7352.44,
OI01455,ORD00867,PROD0100,3,14031.97,
OI01456,ORD00867,PROD0048,2,17840.08,
OI01457,ORD00868,PROD0109,2,2653.58,
OI01458,ORD00868,PROD0081,2,16140.40,
OI01459,ORD00868,PROD0146,1,18690.79,
OI01460,ORD00869,PROD0086,2,9548.55,
OI01461,ORD00869,PROD0038,1,439.37,
OI01462,ORD00869,PROD0011,3,6412.00,
OI01463,ORD00870,PROD0003,1,1374.00,
OI01464,ORD00871,PROD0096,1,23651.04,
OI01465,ORD00871,PROD0087,3,11975.35,
OI01466,ORD00871,PROD0001,1,18995.68,
OI01467,ORD00872,PROD0130,1,21112.13,
OI01468,ORD00872,PROD0071,1,3437.55,
OI01469,ORD00872,PROD0136,1,16167.69,
OI01470,ORD00873,PROD0011,3,6412.00,
OI01471,ORD00873,PROD0117,1,8689.09,
OI01472,ORD00874,PROD0073,1,21489.03,
OI01473,ORD00875,PROD0017,2,6624.90,
OI01474,ORD00875,PROD0122,1,3507.61,
OI01475,ORD00876,PROD0081,1,16140.40,Late delivery
OI01476,ORD00876,PROD0058,2,16633.86,Changed mind
OI01477,ORD00877,PROD0102,1,6556.00,
OI01478,ORD00877,PROD0068,1,10404.46,
OI01479,ORD00878,PROD0001,1,18995.68,Wrong item delivered
OI01480,ORD00879,PROD0140,3,19434.01,Defective product
OI01481,ORD00880,PROD0079,1,14318.00,
OI01482,ORD00880,PROD0014,1,6596.00,
OI01483,ORD00880,PROD0128,1,631.98,
OI01484,ORD00880,PROD0149,1,1011.37,
OI01485,ORD00881,PROD0052,1,21720.68,
OI01486,ORD00882,PROD0063,3,1498.56,
OI01487,ORD00883,PROD0067,1,21887.96,
OI01488,ORD00884,PROD0042,3,17958.95,Changed mind
OI01489,ORD00885,PROD0074,1,14609.00,
OI01490,ORD00886,PROD0018,1,12586.00,
OI01491,ORD00887,PROD0001,3,18995.68,Wrong item delivered
OI01492,ORD00888,PROD0070,1,3336.15,
OI01493,ORD00888,PROD0046,1,4465.21,
OI01494,ORD00889,PROD0120,1,15509.84,
OI01495,ORD00889,PROD0131,1,3180.74,
OI01496,ORD00890,PROD0091,1,3996.25,
OI01497,ORD00890,PROD0046,3,4465.21,
OI01498,ORD00891,PROD0023,1,7560.33,
OI01499,ORD00891,PROD0017,2,6624.90,
OI01500,ORD00891,PROD0042,1,17958.95,
OI01501,ORD00892,PROD0008,2,5850.20,Not as described
OI01502,ORD00892,PROD0088,1,17012.00,Not as described
OI01503,ORD00893,PROD0124,2,7276.04,
OI01504,ORD00894,PROD0059,2,8748.28,
OI01505,ORD00895,PROD0143,1,9253.90,Item damaged in transit
OI01506,ORD00895,PROD0118,1,24143.00,Quality issue
OI01507,ORD00896,PROD0005,1,12188.84,Not as described
OI01508,ORD00896,PROD0096,1,23651.04,Item damaged in transit
OI01509,ORD00897,PROD0025,1,3210.58,
OI01510,ORD00898,PROD0035,1,19512.23,
OI01511,ORD00899,PROD0088,1,17012.00,Defective product
OI01512,ORD00899,PROD0031,1,1394.49,Changed mind
OI01513,ORD00900,PROD0076,1,3638.21,
OI01514,ORD00900,PROD0010,3,20051.49,
OI01515,ORD00900,PROD0028,1,19651.00,
